<component name="ProjectRunConfigurationManager">
  <configuration default="false" name="Debug TRiBot" type="Remote">
    <option name="USE_SOCKET_TRANSPORT" value="true" />
    <option name="SERVER_MODE" value="false" />
    <option name="SHMEM_ADDRESS" />
    <option name="HOST" value="localhost" />
    <option name="PORT" value="8000" />
    <option name="AUTO_RESTART" value="false" />
    <RunnerSettings RunnerId="Debug">
      <option name="DEBUG_PORT" value="8000" />
      <option name="LOCAL" value="false" />
    </RunnerSettings>
    <method v="2">
      <option name="Gradle.BeforeRunTask" enabled="true" tasks="runTribotWithDebugger" externalProjectPath="$PROJECT_DIR$" vmOptions="" scriptParameters="" />
    </method>
  </configuration>
</component>